"Vendor","PEN","VendorFeatures","Implemented","PartiallyImplemented","Missing","CompatibilityPercent","Recommendation"
"3com","43","802.1X/enterprise Wi-Fi; Accounting/session; Captive portal/hotspot/guest; Security/VPN/posture; Vendor-specific/other","0 end-to-end vendor features proven","None","12 of 12 attributes plus their device workflows","0","Create a typed vendor pack from authoritative documentation; implement all 12 attributes and certify representative hardware/software."
"3GPP","10415","Mobile/core/charging","0 end-to-end vendor features proven","None","28 of 28 attributes plus their device workflows","0","Create a typed vendor pack from authoritative documentation; implement all 28 attributes and certify representative hardware/software."
"3GPP2","5535","Mobile/core/charging; Vendor-specific/other","0 end-to-end vendor features proven","None","186 of 186 attributes plus their device workflows","0","Create a typed vendor pack from authoritative documentation; implement all 186 attributes and certify representative hardware/software."
"Acc","5","Accounting/session; Authentication; Authorization/policy; IP addressing/routing; NAS/device management; Tenant/location; Vendor-specific/other; Voice/telephony","0 end-to-end vendor features proven","None","50 of 50 attributes plus their device workflows","0","Create a typed vendor pack from authoritative documentation; implement all 50 attributes and certify representative hardware/software."
"Acme","9148","Accounting/session; Authorization/policy; Bandwidth/QoS; Dynamic authorization; IP addressing/routing; Mobile/core/charging; NAS/device management; Tenant/location; Vendor-specific/other; Voice/telephony","0 end-to-end vendor features proven","None","196 of 196 attributes plus their device workflows","0","Create a typed vendor pack from authoritative documentation; implement all 196 attributes and certify representative hardware/software."
"Actelis","5468","Authorization/policy","0 end-to-end vendor features proven","None","1 of 1 attributes plus their device workflows","0","Create a typed vendor pack from authoritative documentation; implement all 1 attributes and certify representative hardware/software."
"ADSL-Forum","3561","Accounting/session; Bandwidth/QoS; ISP/broadband/subscriber; Vendor-specific/other","0 end-to-end vendor features proven","None","23 of 23 attributes plus their device workflows","0","Create a typed vendor pack from authoritative documentation; implement all 23 attributes and certify representative hardware/software."
"Adtran","664","802.1X/enterprise Wi-Fi; Authorization/policy","0 end-to-end vendor features proven","None","5 of 5 attributes plus their device workflows","0","Create a typed vendor pack from authoritative documentation; implement all 5 attributes and certify representative hardware/software."
"Adva","2544","Authentication; Vendor-specific/other","0 end-to-end vendor features proven","None","3 of 3 attributes plus their device workflows","0","Create a typed vendor pack from authoritative documentation; implement all 3 attributes and certify representative hardware/software."
"Aerohive","26928","802.1X/enterprise Wi-Fi; Accounting/session; Authentication; Authorization/policy; Captive portal/hotspot/guest; Security/VPN/posture; Vendor-specific/other; Voice/telephony","0 end-to-end vendor features proven","6 VSA mapping(s): access.policy_tag; access.role; access.vlan; guest.portal_profile; posture.device_state","15 of 21 attributes plus their device workflows","14.29","Promote 6 mapped VSA(s) from packet mapping to certified end-to-end behavior, then implement the remaining 15 attributes by feature family."
"Airespace","14179","ACL/firewall policy; Authorization/policy; Bandwidth/QoS; NAS/device management; Vendor-specific/other","0 end-to-end vendor features proven","5 VSA mapping(s): access.role; device.group; enforcement.acl; qos.download_bandwidth; qos.upload_bandwidth","10 of 15 attributes plus their device workflows","16.67","Promote 5 mapped VSA(s) from packet mapping to certified end-to-end behavior, then implement the remaining 10 attributes by feature family."
"Alcatel","3041","Accounting/session; Authentication; Bandwidth/QoS; IP addressing/routing; ISP/broadband/subscriber; Mobile/core/charging; NAS/device management; Vendor-specific/other","NAS-0069 software-certifies all 41 Alcatel AAT rows with address, QoS, filter, authentication, accounting, and bounded evidence handling","External device validation pending","External Alcatel AAT packet captures, firmware proof, HA, performance, soak, security, and customer evidence","100","Record NAS-0069 software evidence, then complete the release certification checklist before hardware-certified claims."
"Alcatel-ESAM","637","Bandwidth/QoS; IP addressing/routing; ISP/broadband/subscriber; NAS/device management; Security/VPN/posture; Vendor-specific/other","NAS-0069 software-certifies all 33 ESAM rows with VRF, VLAN, QoS, DHCP, PPPoE, access-node, and bounded evidence handling","External device validation pending","External Alcatel ESAM packet captures, firmware proof, HA, performance, soak, security, and customer evidence","100","Record NAS-0069 software evidence, then complete the release certification checklist before hardware-certified claims."
"Alcatel-Lucent-Service-Router","6527","802.1X/enterprise Wi-Fi; Accounting/session; Authentication; Authorization/policy; Bandwidth/QoS; Captive portal/hotspot/guest; IP addressing/routing; ISP/broadband/subscriber; Mobile/core/charging; NAS/device management; Security/VPN/posture; Vendor-specific/other","NAS-0069 software-certifies all 181 SR OS rows with subscriber, SLA/QoS, route, IPv4/IPv6, delegated-prefix, NAT/translation, portal, WLAN, ACL, accounting, charging, and CoA lifecycle semantics","External service-router validation pending","External SR OS packet captures, firmware proof, HA, performance, soak, security, and customer evidence","100","Record NAS-0069 software evidence, then complete the release certification checklist before hardware-certified claims."
"Alphion","8742","802.1X/enterprise Wi-Fi; ACL/firewall policy; Authentication; Authorization/policy; Captive portal/hotspot/guest; Dynamic authorization; IP addressing/routing; ISP/broadband/subscriber; NAS/device management; Tenant/location; Vendor-specific/other","0 end-to-end vendor features proven","None","44 of 44 attributes plus their device workflows","0","Create a typed vendor pack from authoritative documentation; implement all 44 attributes and certify representative hardware/software."
"Alteon","1872","Mobile/core/charging","0 end-to-end vendor features proven","None","11 of 11 attributes plus their device workflows","0","Create a typed vendor pack from authoritative documentation; implement all 11 attributes and certify representative hardware/software."
"Altiga","3076","Accounting/session; Authentication; Authorization/policy; Bandwidth/QoS; IP addressing/routing; ISP/broadband/subscriber; Mobile/core/charging; NAS/device management; Security/VPN/posture; Tenant/location; Vendor-specific/other","0 end-to-end vendor features proven","None","42 of 42 attributes plus their device workflows","0","Create a typed vendor pack from authoritative documentation; implement all 42 attributes and certify representative hardware/software."
"ALU-AAA","831","Accounting/session; ACL/firewall policy; Authentication; Authorization/policy; IP addressing/routing; NAS/device management; Tenant/location; Vendor-specific/other; Voice/telephony","NAS-0069 software-certifies all 64 ALU-AAA rows with access-rule, AVPair, service-profile, location, event, NAS identity, voice, and redacted mobile-auth evidence","External AAA validation pending","External ALU-AAA packet captures, firmware proof, HA, performance, soak, security, and customer evidence","100","Record NAS-0069 software evidence, then complete the release certification checklist before hardware-certified claims."
"Alvarion","12394","IP addressing/routing; ISP/broadband/subscriber; Vendor-specific/other","0 end-to-end vendor features proven","None","276 of 276 attributes plus their device workflows","0","Create a typed vendor pack from authoritative documentation; implement all 276 attributes and certify representative hardware/software."
"APC","318","Authorization/policy; Vendor-specific/other","0 end-to-end vendor features proven","None","14 of 14 attributes plus their device workflows","0","Create a typed vendor pack from authoritative documentation; implement all 14 attributes and certify representative hardware/software."
"Aptilo","13209","802.1X/enterprise Wi-Fi; Accounting/session; Authentication; Authorization/policy; Bandwidth/QoS; IP addressing/routing; NAS/device management; Tenant/location; Vendor-specific/other","0 end-to-end vendor features proven","None","93 of 93 attributes plus their device workflows","0","Create a typed vendor pack from authoritative documentation; implement all 93 attributes and certify representative hardware/software."
"Aptis","2637","Accounting/session; Authorization/policy; Bandwidth/QoS; Captive portal/hotspot/guest; Dynamic authorization; IP addressing/routing; ISP/broadband/subscriber; Mobile/core/charging; NAS/device management; Vendor-specific/other","0 end-to-end vendor features proven","None","39 of 39 attributes plus their device workflows","0","Create a typed vendor pack from authoritative documentation; implement all 39 attributes and certify representative hardware/software."
"Arbor","9694","Authorization/policy","0 end-to-end vendor features proven","None","1 of 1 attributes plus their device workflows","0","Create a typed vendor pack from authoritative documentation; implement all 1 attributes and certify representative hardware/software."
"Arista","30065","ACL/firewall policy; Authentication; Authorization/policy; Captive portal/hotspot/guest; NAS/device management; Vendor-specific/other","0 end-to-end vendor features proven","3 VSA mapping(s): access.role; enforcement.dynamic_acl; guest.portal_profile","7 of 10 attributes plus their device workflows","15","Promote 3 mapped VSA(s) from packet mapping to certified end-to-end behavior, then implement the remaining 7 attributes by feature family."
"Aruba","14823","802.1X/enterprise Wi-Fi; Accounting/session; ACL/firewall policy; Authentication; Authorization/policy; Bandwidth/QoS; Captive portal/hotspot/guest; Dynamic authorization; IP addressing/routing; ISP/broadband/subscriber; NAS/device management; Security/VPN/posture; Tenant/location; Vendor-specific/other","0 end-to-end vendor features proven","8 VSA mapping(s): access.role; access.vlan; accounting.identity; device.group; enforcement.acl; guest.portal_profile; posture.device_state","63 of 71 attributes plus their device workflows","5.63","Promote 8 mapped VSA(s) from packet mapping to certified end-to-end behavior, then implement the remaining 63 attributes by feature family."
"Ascend","529","Accounting/session; Authentication; Authorization/policy; Bandwidth/QoS; Captive portal/hotspot/guest; Dynamic authorization; IP addressing/routing; ISP/broadband/subscriber; Mobile/core/charging; NAS/device management; Security/VPN/posture; Vendor-specific/other; Voice/telephony","0 end-to-end vendor features proven","None","249 of 249 attributes plus their device workflows","0","Create a typed vendor pack from authoritative documentation; implement all 249 attributes and certify representative hardware/software."
"ASN","23782","ACL/firewall policy; Bandwidth/QoS; Captive portal/hotspot/guest; IP addressing/routing; Mobile/core/charging; Vendor-specific/other","0 end-to-end vendor features proven","None","18 of 18 attributes plus their device workflows","0","Create a typed vendor pack from authoritative documentation; implement all 18 attributes and certify representative hardware/software."
"AudioCodes","5003","ACL/firewall policy","0 end-to-end vendor features proven","None","1 of 1 attributes plus their device workflows","0","Create a typed vendor pack from authoritative documentation; implement all 1 attributes and certify representative hardware/software."
"Azaire","7751","Accounting/session; Authentication; Authorization/policy; Bandwidth/QoS; Mobile/core/charging; NAS/device management; Vendor-specific/other","0 end-to-end vendor features proven","None","16 of 16 attributes plus their device workflows","0","Create a typed vendor pack from authoritative documentation; implement all 16 attributes and certify representative hardware/software."
"Bay-Networks","1584","Accounting/session; Authentication; Authorization/policy; Bandwidth/QoS; Dynamic authorization; IP addressing/routing; ISP/broadband/subscriber; Mobile/core/charging; NAS/device management; Tenant/location; Vendor-specific/other; Voice/telephony","0 end-to-end vendor features proven","None","72 of 72 attributes plus their device workflows","0","Create a typed vendor pack from authoritative documentation; implement all 72 attributes and certify representative hardware/software."
"Big-Switch-Networks","37538","Authorization/policy; Vendor-specific/other","0 end-to-end vendor features proven","None","2 of 2 attributes plus their device workflows","0","Create a typed vendor pack from authoritative documentation; implement all 2 attributes and certify representative hardware/software."
"BinTec","272","Bandwidth/QoS; IP addressing/routing; Mobile/core/charging; Vendor-specific/other","0 end-to-end vendor features proven","None","17 of 17 attributes plus their device workflows","0","Create a typed vendor pack from authoritative documentation; implement all 17 attributes and certify representative hardware/software."
"BlueCoat","14501","Dynamic authorization","0 end-to-end vendor features proven","None","2 of 2 attributes plus their device workflows","0","Create a typed vendor pack from authoritative documentation; implement all 2 attributes and certify representative hardware/software."
"Boingo","22472","Authentication; Authorization/policy; IP addressing/routing; NAS/device management; Tenant/location; Vendor-specific/other","0 end-to-end vendor features proven","None","29 of 29 attributes plus their device workflows","0","Create a typed vendor pack from authoritative documentation; implement all 29 attributes and certify representative hardware/software."
"Bristol","4363","Authorization/policy; Bandwidth/QoS; Vendor-specific/other","0 end-to-end vendor features proven","None","5 of 5 attributes plus their device workflows","0","Create a typed vendor pack from authoritative documentation; implement all 5 attributes and certify representative hardware/software."
"BroadSoft","6431","Accounting/session; Authentication; Authorization/policy; Captive portal/hotspot/guest; IP addressing/routing; Mobile/core/charging; NAS/device management; Tenant/location; Vendor-specific/other; Voice/telephony","0 end-to-end vendor features proven","None","254 of 254 attributes plus their device workflows","0","Create a typed vendor pack from authoritative documentation; implement all 254 attributes and certify representative hardware/software."
"Brocade","1588","Authentication; Bandwidth/QoS; Vendor-specific/other","0 end-to-end vendor features proven","None","7 of 7 attributes plus their device workflows","0","Create a typed vendor pack from authoritative documentation; implement all 7 attributes and certify representative hardware/software."
"BSkyB","16924","802.1X/enterprise Wi-Fi; Accounting/session; Mobile/core/charging","0 end-to-end vendor features proven","None","8 of 8 attributes plus their device workflows","0","Create a typed vendor pack from authoritative documentation; implement all 8 attributes and certify representative hardware/software."
"BT","594","Authentication","0 end-to-end vendor features proven","None","1 of 1 attributes plus their device workflows","0","Create a typed vendor pack from authoritative documentation; implement all 1 attributes and certify representative hardware/software."
"CableLabs","4491","ISP/broadband/subscriber","0 end-to-end vendor features proven","None","61 of 61 attributes plus their device workflows","0","Create a typed vendor pack from authoritative documentation; implement all 61 attributes and certify representative hardware/software."
"Cabletron","52","ISP/broadband/subscriber","0 end-to-end vendor features proven","None","2 of 2 attributes plus their device workflows","0","Create a typed vendor pack from authoritative documentation; implement all 2 attributes and certify representative hardware/software."
"Cajun_p330","2167","Authorization/policy; Bandwidth/QoS; Vendor-specific/other","0 end-to-end vendor features proven","None","3 of 3 attributes plus their device workflows","0","Create a typed vendor pack from authoritative documentation; implement all 3 attributes and certify representative hardware/software."
"Calix","6321","Authorization/policy; Mobile/core/charging","0 end-to-end vendor features proven","None","5 of 5 attributes plus their device workflows","0","Create a typed vendor pack from authoritative documentation; implement all 5 attributes and certify representative hardware/software."
"Cambium","17713","802.1X/enterprise Wi-Fi; Accounting/session; Authentication; Authorization/policy; Bandwidth/QoS; NAS/device management; Vendor-specific/other; Voice/telephony","NAS-0067 software-certified all 31 rows for role, VLAN, bandwidth, quota, walled-garden, accounting, and typed TLV evidence","31 VSA mapping(s): access.role; access.vlan; access.bandwidth_profile; accounting.counters; accounting.identity; qos.download_bandwidth; qos.upload_bandwidth; session.max_total_octets; access.quarantine; guest.portal_profile","0 software attributes remaining; external cnMaestro/ePMP/PMP firmware workflows remain release certification","100","Record NAS-0067 evidence, then attach exact Cambium hardware/controller proof through NAS-0124 before publishing hardware-certified claims."
"Camiant","21274","Authorization/policy; Vendor-specific/other","0 end-to-end vendor features proven","None","3 of 3 attributes plus their device workflows","0","Create a typed vendor pack from authoritative documentation; implement all 3 attributes and certify representative hardware/software."
"Centec","27975","Authorization/policy","0 end-to-end vendor features proven","None","1 of 1 attributes plus their device workflows","0","Create a typed vendor pack from authoritative documentation; implement all 1 attributes and certify representative hardware/software."
"CheckPoint","2620","Authorization/policy; Vendor-specific/other","0 end-to-end vendor features proven","None","2 of 2 attributes plus their device workflows","0","Create a typed vendor pack from authoritative documentation; implement all 2 attributes and certify representative hardware/software."
"ChilliSpot","14559","Accounting/session; Authorization/policy; Bandwidth/QoS; Captive portal/hotspot/guest; ISP/broadband/subscriber; Vendor-specific/other","0 end-to-end vendor features proven","5 VSA mapping(s): access.policy_tag; guest.portal_profile; qos.download_bandwidth; qos.upload_bandwidth; session.max_total_octets","7 of 12 attributes plus their device workflows","20.83","Promote 5 mapped VSA(s) from packet mapping to certified end-to-end behavior, then implement the remaining 7 attributes by feature family."
"Ciena","1271","Authorization/policy; NAS/device management; Vendor-specific/other","0 end-to-end vendor features proven","None","9 of 9 attributes plus their device workflows","0","Create a typed vendor pack from authoritative documentation; implement all 9 attributes and certify representative hardware/software."
"Cisco","9","Accounting/session; ACL/firewall policy; Authentication; Authorization/policy; Bandwidth/QoS; Captive portal/hotspot/guest; Dynamic authorization; IP addressing/routing; ISP/broadband/subscriber; Mobile/core/charging; NAS/device management; Vendor-specific/other; Voice/telephony","0 end-to-end vendor features proven","3 VSA mapping(s): enforcement.acl; enforcement.dynamic_acl","107 of 110 attributes plus their device workflows","1.36","Promote 3 mapped VSA(s) from packet mapping to certified end-to-end behavior, then implement the remaining 107 attributes by feature family."
"Cisco-ASA","3076","Accounting/session; ACL/firewall policy; Authentication; Authorization/policy; Captive portal/hotspot/guest; Dynamic authorization; IP addressing/routing; ISP/broadband/subscriber; Mobile/core/charging; NAS/device management; Security/VPN/posture; Tenant/location; Vendor-specific/other","0 end-to-end vendor features proven","None","149 of 149 attributes plus their device workflows","0","Create a typed vendor pack from authoritative documentation; implement all 149 attributes and certify representative hardware/software."
"Cisco-BBSM","5263","Bandwidth/QoS","0 end-to-end vendor features proven","None","1 of 1 attributes plus their device workflows","0","Create a typed vendor pack from authoritative documentation; implement all 1 attributes and certify representative hardware/software."
"Cisco-VPN3000","3076","Accounting/session; ACL/firewall policy; Bandwidth/QoS; Captive portal/hotspot/guest; IP addressing/routing; ISP/broadband/subscriber; Mobile/core/charging; Security/VPN/posture","0 end-to-end vendor features proven","None","116 of 116 attributes plus their device workflows","0","Create a typed vendor pack from authoritative documentation; implement all 116 attributes and certify representative hardware/software."
"Cisco-VPN5000","255","Security/VPN/posture","0 end-to-end vendor features proven","None","7 of 7 attributes plus their device workflows","0","Create a typed vendor pack from authoritative documentation; implement all 7 attributes and certify representative hardware/software."
"Citrix","66","Authorization/policy; NAS/device management; Vendor-specific/other","0 end-to-end vendor features proven","None","7 of 7 attributes plus their device workflows","0","Create a typed vendor pack from authoritative documentation; implement all 7 attributes and certify representative hardware/software."
"Ckey","61349","Authentication","0 end-to-end vendor features proven","None","1 of 1 attributes plus their device workflows","0","Create a typed vendor pack from authoritative documentation; implement all 1 attributes and certify representative hardware/software."
"Clavister","5089","Authorization/policy","0 end-to-end vendor features proven","None","1 of 1 attributes plus their device workflows","0","Create a typed vendor pack from authoritative documentation; implement all 1 attributes and certify representative hardware/software."
"Cnergee","49426","Accounting/session; Authentication; Authorization/policy; Bandwidth/QoS; Captive portal/hotspot/guest; IP addressing/routing; ISP/broadband/subscriber; Vendor-specific/other","0 end-to-end vendor features proven","None","31 of 31 attributes plus their device workflows","0","Create a typed vendor pack from authoritative documentation; implement all 31 attributes and certify representative hardware/software."
"Colubris","8744","Authorization/policy","0 end-to-end vendor features proven","1 VSA mapping(s): access.quarantine","0 of 1 attributes plus their device workflows","50","Promote 1 mapped VSA(s) from packet mapping to certified end-to-end behavior, then implement the remaining 0 attributes by feature family."
"Columbia-University","11862","Voice/telephony","0 end-to-end vendor features proven","None","3 of 3 attributes plus their device workflows","0","Create a typed vendor pack from authoritative documentation; implement all 3 attributes and certify representative hardware/software."
"Compatible","255","Authentication; Authorization/policy; Vendor-specific/other","0 end-to-end vendor features proven","None","6 of 6 attributes plus their device workflows","0","Create a typed vendor pack from authoritative documentation; implement all 6 attributes and certify representative hardware/software."
"Cosine","3085","IP addressing/routing; NAS/device management; Vendor-specific/other","0 end-to-end vendor features proven","None","8 of 8 attributes plus their device workflows","0","Create a typed vendor pack from authoritative documentation; implement all 8 attributes and certify representative hardware/software."
"Covaro","18022","Accounting/session; Authorization/policy; Vendor-specific/other","0 end-to-end vendor features proven","None","6 of 6 attributes plus their device workflows","0","Create a typed vendor pack from authoritative documentation; implement all 6 attributes and certify representative hardware/software."
"DANTE","27262","Vendor-specific/other","0 end-to-end vendor features proven","None","1 of 1 attributes plus their device workflows","0","Create a typed vendor pack from authoritative documentation; implement all 1 attributes and certify representative hardware/software."
"DellEMC","674","Authorization/policy; Vendor-specific/other","0 end-to-end vendor features proven","None","2 of 2 attributes plus their device workflows","0","Create a typed vendor pack from authoritative documentation; implement all 2 attributes and certify representative hardware/software."
"DHCP","54","802.1X/enterprise Wi-Fi; ISP/broadband/subscriber; Mobile/core/charging; NAS/device management; Tenant/location; Vendor-specific/other","0 end-to-end vendor features proven","None","225 of 225 attributes plus their device workflows","0","Create a typed vendor pack from authoritative documentation; implement all 225 attributes and certify representative hardware/software."
"Digium","22736","Accounting/session; NAS/device management; Vendor-specific/other","0 end-to-end vendor features proven","None","18 of 18 attributes plus their device workflows","0","Create a typed vendor pack from authoritative documentation; implement all 18 attributes and certify representative hardware/software."
"Dlink","171","802.1X/enterprise Wi-Fi; ACL/firewall policy; Authorization/policy; Bandwidth/QoS; Vendor-specific/other","NAS-0067 software-certified all 9 rows for user-level, bandwidth, priority, VLAN, ACL profile, ACL rule, and ACL script handling","9 VSA mapping(s): access.role; access.vlan; access.bandwidth_profile; enforcement.acl; enforcement.dynamic_acl; qos.download_bandwidth; qos.upload_bandwidth","0 software attributes remaining; external D-Link/Nuclias firmware workflows remain release certification","100","Record NAS-0067 evidence, then attach exact D-Link/Nuclias hardware/controller proof through NAS-0124 before publishing hardware-certified claims."
"DragonWave","7262","Authorization/policy","0 end-to-end vendor features proven","None","1 of 1 attributes plus their device workflows","0","Create a typed vendor pack from authoritative documentation; implement all 1 attributes and certify representative hardware/software."
"EfficientIP","2440","Authentication; Authorization/policy; Vendor-specific/other","0 end-to-end vendor features proven","None","13 of 13 attributes plus their device workflows","0","Create a typed vendor pack from authoritative documentation; implement all 13 attributes and certify representative hardware/software."
"Eleven","52970","802.1X/enterprise Wi-Fi; Authentication","0 end-to-end vendor features proven","None","6 of 6 attributes plus their device workflows","0","Create a typed vendor pack from authoritative documentation; implement all 6 attributes and certify representative hardware/software."
"Eltex","35265","Mobile/core/charging","0 end-to-end vendor features proven","None","2 of 2 attributes plus their device workflows","0","Create a typed vendor pack from authoritative documentation; implement all 2 attributes and certify representative hardware/software."
"Epygi","16459","Accounting/session; Captive portal/hotspot/guest; Dynamic authorization; IP addressing/routing; NAS/device management; Vendor-specific/other; Voice/telephony","0 end-to-end vendor features proven","None","67 of 67 attributes plus their device workflows","0","Create a typed vendor pack from authoritative documentation; implement all 67 attributes and certify representative hardware/software."
"Equallogic","12740","Authorization/policy; Mobile/core/charging; NAS/device management; Tenant/location; Vendor-specific/other","0 end-to-end vendor features proven","None","9 of 9 attributes plus their device workflows","0","Create a typed vendor pack from authoritative documentation; implement all 9 attributes and certify representative hardware/software."
"Ericsson","193","Accounting/session; Authentication; Authorization/policy; Bandwidth/QoS; Captive portal/hotspot/guest; IP addressing/routing; Mobile/core/charging; Tenant/location; Vendor-specific/other; Voice/telephony","0 end-to-end vendor features proven","None","110 of 110 attributes plus their device workflows","0","Create a typed vendor pack from authoritative documentation; implement all 110 attributes and certify representative hardware/software."
"Ericsson-AB","2352","Accounting/session; ACL/firewall policy; Authentication; Authorization/policy; Bandwidth/QoS; Captive portal/hotspot/guest; Dynamic authorization; IP addressing/routing; ISP/broadband/subscriber; Mobile/core/charging; NAS/device management; Security/VPN/posture; Tenant/location; Vendor-specific/other","0 end-to-end vendor features proven","None","211 of 211 attributes plus their device workflows","0","Create a typed vendor pack from authoritative documentation; implement all 211 attributes and certify representative hardware/software."
"Ericsson-Packet-Core-Networks","10923","ACL/firewall policy","0 end-to-end vendor features proven","None","2 of 2 attributes plus their device workflows","0","Create a typed vendor pack from authoritative documentation; implement all 2 attributes and certify representative hardware/software."
"ERX","4874","Accounting/session; ACL/firewall policy; Authentication; Authorization/policy; Bandwidth/QoS; Captive portal/hotspot/guest; Dynamic authorization; IP addressing/routing; ISP/broadband/subscriber; Mobile/core/charging; NAS/device management; Vendor-specific/other","0 end-to-end vendor features proven","None","206 of 206 attributes plus their device workflows","0","Create a typed vendor pack from authoritative documentation; implement all 206 attributes and certify representative hardware/software."
"Extreme","1916","802.1X/enterprise Wi-Fi; Authentication; Authorization/policy; Captive portal/hotspot/guest; NAS/device management; Tenant/location; Vendor-specific/other","0 end-to-end vendor features proven","5 VSA mapping(s): access.role; access.vlan; guest.portal_profile","10 of 15 attributes plus their device workflows","16.67","Promote 5 mapped VSA(s) from packet mapping to certified end-to-end behavior, then implement the remaining 10 attributes by feature family."
"F5","3375","Authorization/policy; NAS/device management; Vendor-specific/other","0 end-to-end vendor features proven","None","10 of 10 attributes plus their device workflows","0","Create a typed vendor pack from authoritative documentation; implement all 10 attributes and certify representative hardware/software."
"fdXtended","34536","Accounting/session; Authorization/policy; Bandwidth/QoS; Captive portal/hotspot/guest; IP addressing/routing; Mobile/core/charging; Vendor-specific/other","0 end-to-end vendor features proven","None","11 of 11 attributes plus their device workflows","0","Create a typed vendor pack from authoritative documentation; implement all 11 attributes and certify representative hardware/software."
"Force10","6027","Vendor-specific/other","0 end-to-end vendor features proven","None","1 of 1 attributes plus their device workflows","0","Create a typed vendor pack from authoritative documentation; implement all 1 attributes and certify representative hardware/software."
"Fortinet","12356","802.1X/enterprise Wi-Fi; Accounting/session; Authentication; Authorization/policy; IP addressing/routing; Mobile/core/charging; NAS/device management; Tenant/location; Vendor-specific/other","NAS-0065 software-certified Fortinet group, client IPv4/IPv6, VDOM, tenant, interface, SSID/AP, FAC token/challenge redaction, web filter, application control, wireless controller accounting, FortiWAN and host-port AVPair, FortiDeceptor/FDD, FPC role, and Fortinet CoA action evidence","32 VSA mapping(s): access.role; address.ipv4; governance.tenant; routing.vrf; address.ipv6; device.group; posture.device_state; onboarding.certificate; access.policy_tag; enforcement.dynamic_acl; routing.framed_route; accounting.identity","External Fortinet appliance, controller, CMDB/API, firmware, and customer workflows remain release certification","100","Run nas-0065-release-certification-checklist.md for exact Fortinet product, firmware, controller, and FreeRADIUS proof."
"Foundry","1991","802.1X/enterprise Wi-Fi; ACL/firewall policy; Authorization/policy; Bandwidth/QoS; Dynamic authorization; NAS/device management; Voice/telephony","NAS-0064 software-certified Foundry/ICX command, ACL, 802.1X, VLAN/QoS, CoA, role-template, and voice evidence","13 VSA mapping(s): access.role; access.vlan; enforcement.acl; posture.device_state; coa.reauth; access.policy_tag","External ICX/FastIron hardware workflows remain release certification","100","Run nas-0064-release-certification-checklist.md for exact ICX/FastIron model and firmware proof."
"FreeDHCP","34673","ISP/broadband/subscriber; Mobile/core/charging","0 end-to-end vendor features proven","None","131 of 131 attributes plus their device workflows","0","Create a typed vendor pack from authoritative documentation; implement all 131 attributes and certify representative hardware/software."
"FreeRADIUS","11344","802.1X/enterprise Wi-Fi; Accounting/session; Authentication; Bandwidth/QoS; IP addressing/routing; NAS/device management; Security/VPN/posture; Vendor-specific/other","0 end-to-end vendor features proven","None","145 of 145 attributes plus their device workflows","0","Create a typed vendor pack from authoritative documentation; implement all 145 attributes and certify representative hardware/software."
"Freeswitch","27880","Accounting/session; NAS/device management; Vendor-specific/other; Voice/telephony","0 end-to-end vendor features proven","None","23 of 23 attributes plus their device workflows","0","Create a typed vendor pack from authoritative documentation; implement all 23 attributes and certify representative hardware/software."
"Gandalf","64","Authentication; Authorization/policy; IP addressing/routing; ISP/broadband/subscriber; Vendor-specific/other; Voice/telephony","0 end-to-end vendor features proven","None","32 of 32 attributes plus their device workflows","0","Create a typed vendor pack from authoritative documentation; implement all 32 attributes and certify representative hardware/software."
"Garderos","16108","Authorization/policy; Tenant/location; Vendor-specific/other","0 end-to-end vendor features proven","None","4 of 4 attributes plus their device workflows","0","Create a typed vendor pack from authoritative documentation; implement all 4 attributes and certify representative hardware/software."
"Gemtek","10529","Accounting/session","0 end-to-end vendor features proven","None","6 of 6 attributes plus their device workflows","0","Create a typed vendor pack from authoritative documentation; implement all 6 attributes and certify representative hardware/software."
"H3C","25506","Accounting/session; ACL/firewall policy; Authentication; Authorization/policy; Bandwidth/QoS; Captive portal/hotspot/guest; IP addressing/routing; ISP/broadband/subscriber; NAS/device management; Security/VPN/posture; Vendor-specific/other","NAS-0068 software-certified all 62 rows for Comware/iMC/BRAS role, group, portal, ITA policy, QoS, NAT, subscriber, DNS, VRF, multicast, accounting, device context, and AVPair route/address/translation evidence","62 VSA mapping(s): access.role; access.policy_tag; device.group; guest.portal_profile; qos.download_bandwidth; qos.upload_bandwidth; access.bandwidth_profile; route.policy; route.vrf; address.pool; address.ipv4; translation.policy; translation.public_ipv4; translation.port_block; translation.nat64_prefix; accounting.identity; accounting.counters","0 software attributes remaining; external H3C Comware/iMC/BRAS/BNG workflows remain release certification","100","Record NAS-0068 evidence, then attach exact H3C hardware/controller/BNG proof through NAS-0125 before publishing hardware-certified claims."
"Hillstone","28557","Authentication; Authorization/policy; IP addressing/routing; ISP/broadband/subscriber; Mobile/core/charging; Security/VPN/posture; Vendor-specific/other","0 end-to-end vendor features proven","None","17 of 17 attributes plus their device workflows","0","Create a typed vendor pack from authoritative documentation; implement all 17 attributes and certify representative hardware/software."
"HP","11","802.1X/enterprise Wi-Fi; ACL/firewall policy; Authorization/policy; Bandwidth/QoS; Captive portal/hotspot/guest; Dynamic authorization; NAS/device management; Vendor-specific/other","0 end-to-end vendor features proven","9 VSA mapping(s): access.policy_tag; access.role; access.vlan; enforcement.dynamic_acl; guest.portal_profile; qos.download_bandwidth; qos.upload_bandwidth","23 of 32 attributes plus their device workflows","14.06","Promote 9 mapped VSA(s) from packet mapping to certified end-to-end behavior, then implement the remaining 23 attributes by feature family."
"Huawei","2011","802.1X/enterprise Wi-Fi; Accounting/session; ACL/firewall policy; Authentication; Authorization/policy; Bandwidth/QoS; Captive portal/hotspot/guest; IP addressing/routing; ISP/broadband/subscriber; NAS/device management; Security/VPN/posture; Tenant/location; Vendor-specific/other; Voice/telephony","NAS-0068 software-certified all 197 rows for BRAS/BNG subscriber state, QoS, address pools, routes, NAT/translation, portal, command authorization, accounting, charging, multicast, WLAN/AP context, tenant/domain context, and redacted credential evidence","197 VSA mapping(s): access.role; access.policy_tag; enforcement.acl; enforcement.dynamic_acl; guest.portal_profile; qos.download_bandwidth; qos.upload_bandwidth; access.bandwidth_profile; route.policy; route.vrf; address.pool; address.ipv4; address.ipv6; address.delegated_ipv6_prefix; translation.policy; translation.public_ipv4; translation.port_block; translation.nat64_prefix; accounting.identity; accounting.counters; posture.device","0 software attributes remaining; external Huawei MA/NE/CloudEngine/WLAN/iMaster/BRAS/BNG workflows remain release certification","100","Record NAS-0068 evidence, then attach exact Huawei hardware/controller/BNG proof through NAS-0125 before publishing hardware-certified claims."
"IEA-Software","24023","Bandwidth/QoS; Dynamic authorization; NAS/device management; Vendor-specific/other","0 end-to-end vendor features proven","None","12 of 12 attributes plus their device workflows","0","Create a typed vendor pack from authoritative documentation; implement all 12 attributes and certify representative hardware/software."
"Infinera","8708","Accounting/session; NAS/device management; Vendor-specific/other","0 end-to-end vendor features proven","None","22 of 22 attributes plus their device workflows","0","Create a typed vendor pack from authoritative documentation; implement all 22 attributes and certify representative hardware/software."
"Infoblox","7779","Authorization/policy; Vendor-specific/other","0 end-to-end vendor features proven","None","9 of 9 attributes plus their device workflows","0","Create a typed vendor pack from authoritative documentation; implement all 9 attributes and certify representative hardware/software."
"infonet","4453","Authentication; IP addressing/routing; NAS/device management; Tenant/location; Vendor-specific/other","0 end-to-end vendor features proven","None","17 of 17 attributes plus their device workflows","0","Create a typed vendor pack from authoritative documentation; implement all 17 attributes and certify representative hardware/software."
"ipUnplugged","5925","Authentication; Vendor-specific/other","0 end-to-end vendor features proven","None","10 of 10 attributes plus their device workflows","0","Create a typed vendor pack from authoritative documentation; implement all 10 attributes and certify representative hardware/software."
"Issanni","5948","Authorization/policy; Bandwidth/QoS; IP addressing/routing; ISP/broadband/subscriber; Vendor-specific/other","0 end-to-end vendor features proven","None","17 of 17 attributes plus their device workflows","0","Create a typed vendor pack from authoritative documentation; implement all 17 attributes and certify representative hardware/software."
"ITK","1195","Accounting/session; Authentication; Authorization/policy; IP addressing/routing; ISP/broadband/subscriber; Mobile/core/charging; NAS/device management; Vendor-specific/other","0 end-to-end vendor features proven","None","32 of 32 attributes plus their device workflows","0","Create a typed vendor pack from authoritative documentation; implement all 32 attributes and certify representative hardware/software."
"Juniper","2636","Accounting/session; ACL/firewall policy; Authorization/policy; Bandwidth/QoS; Captive portal/hotspot/guest; IP addressing/routing; ISP/broadband/subscriber; NAS/device management; Vendor-specific/other; Voice/telephony","0 end-to-end vendor features proven","7 VSA mapping(s): access.role; accounting.counters; device.group; enforcement.acl; enforcement.dynamic_acl; guest.portal_profile","32 of 39 attributes plus their device workflows","8.97","Promote 7 mapped VSA(s) from packet mapping to certified end-to-end behavior, then implement the remaining 32 attributes by feature family."
"KarlNet","762","Bandwidth/QoS; Vendor-specific/other","0 end-to-end vendor features proven","None","4 of 4 attributes plus their device workflows","0","Create a typed vendor pack from authoritative documentation; implement all 4 attributes and certify representative hardware/software."
"Kineto","16445","802.1X/enterprise Wi-Fi; Accounting/session; Authentication; Authorization/policy; Bandwidth/QoS; IP addressing/routing; NAS/device management; Tenant/location; Vendor-specific/other","0 end-to-end vendor features proven","None","57 of 57 attributes plus their device workflows","0","Create a typed vendor pack from authoritative documentation; implement all 57 attributes and certify representative hardware/software."
"Lancom","2356","ACL/firewall policy; Authentication; Bandwidth/QoS; Captive portal/hotspot/guest; IP addressing/routing; NAS/device management; Vendor-specific/other","0 end-to-end vendor features proven","None","27 of 27 attributes plus their device workflows","0","Create a typed vendor pack from authoritative documentation; implement all 27 attributes and certify representative hardware/software."
"Lantronix","244","Vendor-specific/other","0 end-to-end vendor features proven","None","1 of 1 attributes plus their device workflows","0","Create a typed vendor pack from authoritative documentation; implement all 1 attributes and certify representative hardware/software."
"Livingston","307","Accounting/session; Authorization/policy; IP addressing/routing; NAS/device management; Security/VPN/posture; Vendor-specific/other","0 end-to-end vendor features proven","None","21 of 21 attributes plus their device workflows","0","Create a typed vendor pack from authoritative documentation; implement all 21 attributes and certify representative hardware/software."
"Local-Web","19220","Accounting/session; IP addressing/routing; NAS/device management; Vendor-specific/other","0 end-to-end vendor features proven","None","15 of 15 attributes plus their device workflows","0","Create a typed vendor pack from authoritative documentation; implement all 15 attributes and certify representative hardware/software."
"Lucent","4846","Accounting/session; Authentication; Authorization/policy; Bandwidth/QoS; Captive portal/hotspot/guest; Dynamic authorization; IP addressing/routing; ISP/broadband/subscriber; Mobile/core/charging; NAS/device management; Security/VPN/posture; Vendor-specific/other; Voice/telephony","0 end-to-end vendor features proven","None","431 of 431 attributes plus their device workflows","0","Create a typed vendor pack from authoritative documentation; implement all 431 attributes and certify representative hardware/software."
"Manzara","19382","Accounting/session; Authentication; Authorization/policy; ISP/broadband/subscriber; NAS/device management; Vendor-specific/other","0 end-to-end vendor features proven","None","14 of 14 attributes plus their device workflows","0","Create a typed vendor pack from authoritative documentation; implement all 14 attributes and certify representative hardware/software."
"Meinberg","5597","Authorization/policy","0 end-to-end vendor features proven","None","1 of 1 attributes plus their device workflows","0","Create a typed vendor pack from authoritative documentation; implement all 1 attributes and certify representative hardware/software."
"Mellanox","33049","Vendor-specific/other","0 end-to-end vendor features proven","None","1 of 1 attributes plus their device workflows","0","Create a typed vendor pack from authoritative documentation; implement all 1 attributes and certify representative hardware/software."
"Meraki","29671","Accounting/session; NAS/device management; Security/VPN/posture; Tenant/location","NAS-0066 software-certified Meraki device name, Dashboard network tenant, AP identity, AP tag posture telemetry, Dashboard SSID sync scope, evidence history, API/UI visibility, readiness, and support-bundle capture","4 VSA mapping(s): accounting.identity; device.group; governance.tenant; posture.device_state","External Meraki Dashboard group policy, splash, Systems Manager posture, switches, appliances, VPN, RF, firmware, packet captures, HA, performance, and customer workflows remain release certification","100","Run nas-0066-release-certification-checklist.md for exact Meraki product, firmware, Dashboard, and FreeRADIUS proof."
"Merit","61","Tenant/location; Vendor-specific/other","0 end-to-end vendor features proven","None","3 of 3 attributes plus their device workflows","0","Create a typed vendor pack from authoritative documentation; implement all 3 attributes and certify representative hardware/software."
"Meru","15983","Accounting/session; NAS/device management","0 end-to-end vendor features proven","2 VSA mapping(s): accounting.identity; device.group","0 of 2 attributes plus their device workflows","50","Promote 2 mapped VSA(s) from packet mapping to certified end-to-end behavior, then implement the remaining 0 attributes by feature family."
"Microsemi","40676","Authorization/policy; Vendor-specific/other","0 end-to-end vendor features proven","None","7 of 7 attributes plus their device workflows","0","Create a typed vendor pack from authoritative documentation; implement all 7 attributes and certify representative hardware/software."
"Microsoft","311","Accounting/session; Authentication; Authorization/policy; Captive portal/hotspot/guest; IP addressing/routing; Mobile/core/charging; NAS/device management; Security/VPN/posture; Vendor-specific/other","0 end-to-end vendor features proven","None","59 of 59 attributes plus their device workflows","0","Create a typed vendor pack from authoritative documentation; implement all 59 attributes and certify representative hardware/software."
"Mikrotik","14988","802.1X/enterprise Wi-Fi; ACL/firewall policy; Authorization/policy; Bandwidth/QoS; Captive portal/hotspot/guest; IP addressing/routing; ISP/broadband/subscriber; Mobile/core/charging; Tenant/location; Vendor-specific/other","NAS-0070 software-certifies all 32 MikroTik RouterOS rows with PPP/PPPoE quota, gigawords, rate-limit grammar, group roles, address-list and switching-filter ACL profile references, hotspot, DHCP option, IPv4 host, IPv6 delegated-pool, CAPsMAN posture/VLAN/signal/comment, wireless secret redaction, and CoA lifecycle semantics","External RouterOS validation pending","External RouterOS packet captures, firmware proof, CAPsMAN, PPP/PPPoE, hotspot, CoA, HA, performance, soak, security, and customer evidence","100","Record NAS-0070 software evidence, then complete the release certification checklist before hardware-certified claims."
"Mimosa","43356","802.1X/enterprise Wi-Fi; Authentication; Bandwidth/QoS; IP addressing/routing; NAS/device management; Tenant/location; Vendor-specific/other","0 end-to-end vendor features proven","None","29 of 29 attributes plus their device workflows","0","Create a typed vendor pack from authoritative documentation; implement all 29 attributes and certify representative hardware/software."
"Motorola","161","Accounting/session; Bandwidth/QoS; ISP/broadband/subscriber; Vendor-specific/other","0 end-to-end vendor features proven","None","36 of 36 attributes plus their device workflows","0","Create a typed vendor pack from authoritative documentation; implement all 36 attributes and certify representative hardware/software."
"Navini","6504","Vendor-specific/other","0 end-to-end vendor features proven","None","1 of 1 attributes plus their device workflows","0","Create a typed vendor pack from authoritative documentation; implement all 1 attributes and certify representative hardware/software."
"NET","177","Accounting/session; Authorization/policy; Bandwidth/QoS; Captive portal/hotspot/guest; Dynamic authorization; NAS/device management; Tenant/location; Vendor-specific/other; Voice/telephony","0 end-to-end vendor features proven","None","109 of 109 attributes plus their device workflows","0","Create a typed vendor pack from authoritative documentation; implement all 109 attributes and certify representative hardware/software."
"NetBorder","35987","Accounting/session; NAS/device management; Vendor-specific/other; Voice/telephony","0 end-to-end vendor features proven","None","23 of 23 attributes plus their device workflows","0","Create a typed vendor pack from authoritative documentation; implement all 23 attributes and certify representative hardware/software."
"NetElastic","54268","Accounting/session; Authorization/policy; Bandwidth/QoS; Captive portal/hotspot/guest; Dynamic authorization; IP addressing/routing; Mobile/core/charging; Tenant/location; Vendor-specific/other","0 end-to-end vendor features proven","None","37 of 37 attributes plus their device workflows","0","Create a typed vendor pack from authoritative documentation; implement all 37 attributes and certify representative hardware/software."
"Netscreen","3224","Authorization/policy; IP addressing/routing; Tenant/location; Vendor-specific/other","0 end-to-end vendor features proven","None","9 of 9 attributes plus their device workflows","0","Create a typed vendor pack from authoritative documentation; implement all 9 attributes and certify representative hardware/software."
"NetworkPhysics","7119","Authorization/policy","0 end-to-end vendor features proven","None","1 of 1 attributes plus their device workflows","0","Create a typed vendor pack from authoritative documentation; implement all 1 attributes and certify representative hardware/software."
"Nexans","266","NAS/device management; Voice/telephony","0 end-to-end vendor features proven","None","2 of 2 attributes plus their device workflows","0","Create a typed vendor pack from authoritative documentation; implement all 2 attributes and certify representative hardware/software."
"Nile","58313","Captive portal/hotspot/guest; Vendor-specific/other","0 end-to-end vendor features proven","None","3 of 3 attributes plus their device workflows","0","Create a typed vendor pack from authoritative documentation; implement all 3 attributes and certify representative hardware/software."
"Nokia","94","Accounting/session; Authentication; Authorization/policy; Mobile/core/charging; NAS/device management; Security/VPN/posture; Vendor-specific/other","NAS-0069 software-certifies all 15 Nokia rows with AVPair, user-profile, BCD service-name, authentication, accounting, mobile-auth redaction, and bounded evidence handling","External Nokia validation pending","External Nokia packet captures, firmware proof, HA, performance, soak, security, and customer evidence","100","Record NAS-0069 software evidence, then complete the release certification checklist before hardware-certified claims."
"Nomadix","3309","802.1X/enterprise Wi-Fi; Authorization/policy; Bandwidth/QoS; Captive portal/hotspot/guest; Dynamic authorization; Vendor-specific/other","0 end-to-end vendor features proven","6 VSA mapping(s): access.policy_tag; access.vlan; guest.portal_profile; qos.download_bandwidth; qos.upload_bandwidth; session.action","13 of 19 attributes plus their device workflows","15.79","Promote 6 mapped VSA(s) from packet mapping to certified end-to-end behavior, then implement the remaining 13 attributes by feature family."
"Nortel","562","Authentication; Authorization/policy; NAS/device management; Vendor-specific/other","0 end-to-end vendor features proven","None","20 of 20 attributes plus their device workflows","0","Create a typed vendor pack from authoritative documentation; implement all 20 attributes and certify representative hardware/software."
"NTUA","969","Accounting/session; Authorization/policy; Bandwidth/QoS; NAS/device management; Tenant/location; Vendor-specific/other","0 end-to-end vendor features proven","None","18 of 18 attributes plus their device workflows","0","Create a typed vendor pack from authoritative documentation; implement all 18 attributes and certify representative hardware/software."
"OpenWiFi","58888","Accounting/session","NAS-0066 software-certified OpenWiFi AP MAC accounting identity, OWGW/uCentral sync scope, evidence history, API/UI visibility, readiness, and support-bundle capture","1 VSA mapping(s): accounting.identity","External OpenWiFi AP, OWGW/uCentral, firmware, packet captures, HA, performance, and customer workflows remain release certification","100","Run nas-0066-release-certification-checklist.md for exact OpenWiFi product, firmware, OWGW/uCentral, and FreeRADIUS proof."
"Packeteer","2334","Accounting/session","0 end-to-end vendor features proven","None","2 of 2 attributes plus their device workflows","0","Create a typed vendor pack from authoritative documentation; implement all 2 attributes and certify representative hardware/software."
"PaloAlto","25461","Accounting/session; Authorization/policy; NAS/device management; Security/VPN/posture; Tenant/location","NAS-0065 software-certified PAN-OS and Panorama admin role/domain, User-ID group/domain/source-IP context, GlobalProtect OS/hostname/client-version posture, and bounded packet evidence","10 VSA mapping(s): access.role; governance.tenant; device.group; address.ipv4; posture.device_state; accounting.identity","External PAN-OS, GlobalProtect, Panorama, User-ID/IP-tag, firmware, and customer workflows remain release certification","100","Run nas-0065-release-certification-checklist.md for exact Palo Alto product, firmware, Panorama, GlobalProtect, and FreeRADIUS proof."
"Patton","1768","Accounting/session; Authorization/policy; Bandwidth/QoS; Dynamic authorization; IP addressing/routing; Vendor-specific/other; Voice/telephony","0 end-to-end vendor features proven","None","53 of 53 attributes plus their device workflows","0","Create a typed vendor pack from authoritative documentation; implement all 53 attributes and certify representative hardware/software."
"Perle","1966","NAS/device management; Vendor-specific/other","0 end-to-end vendor features proven","None","51 of 51 attributes plus their device workflows","0","Create a typed vendor pack from authoritative documentation; implement all 51 attributes and certify representative hardware/software."
"pfSense","13644","Accounting/session; Bandwidth/QoS","0 end-to-end vendor features proven","None","3 of 3 attributes plus their device workflows","0","Create a typed vendor pack from authoritative documentation; implement all 3 attributes and certify representative hardware/software."
"Pica8","35098","ACL/firewall policy; Authorization/policy; Captive portal/hotspot/guest","0 end-to-end vendor features proven","4 VSA mapping(s): access.policy_tag; enforcement.acl; enforcement.dynamic_acl; guest.portal_profile","0 of 4 attributes plus their device workflows","50","Promote 4 mapped VSA(s) from packet mapping to certified end-to-end behavior, then implement the remaining 0 attributes by feature family."
"Propel","14895","Bandwidth/QoS; IP addressing/routing; Mobile/core/charging; NAS/device management; Vendor-specific/other","0 end-to-end vendor features proven","None","6 of 6 attributes plus their device workflows","0","Create a typed vendor pack from authoritative documentation; implement all 6 attributes and certify representative hardware/software."
"Prosoft","4735","Authentication; IP addressing/routing; Security/VPN/posture; Vendor-specific/other","0 end-to-end vendor features proven","None","15 of 15 attributes plus their device workflows","0","Create a typed vendor pack from authoritative documentation; implement all 15 attributes and certify representative hardware/software."
"Proxim","841","Authorization/policy; Bandwidth/QoS; NAS/device management; Vendor-specific/other","0 end-to-end vendor features proven","None","56 of 56 attributes plus their device workflows","0","Create a typed vendor pack from authoritative documentation; implement all 56 attributes and certify representative hardware/software."
"Purewave","21074","Authorization/policy; Bandwidth/QoS; IP addressing/routing; NAS/device management; Vendor-specific/other","0 end-to-end vendor features proven","None","7 of 7 attributes plus their device workflows","0","Create a typed vendor pack from authoritative documentation; implement all 7 attributes and certify representative hardware/software."
"Quiconnect","14436","Vendor-specific/other","0 end-to-end vendor features proven","None","3 of 3 attributes plus their device workflows","0","Create a typed vendor pack from authoritative documentation; implement all 3 attributes and certify representative hardware/software."
"Quintum","6618","Captive portal/hotspot/guest; Dynamic authorization; NAS/device management; Vendor-specific/other; Voice/telephony","0 end-to-end vendor features proven","None","25 of 25 attributes plus their device workflows","0","Create a typed vendor pack from authoritative documentation; implement all 25 attributes and certify representative hardware/software."
"RCNTEC","46235","Accounting/session; Authorization/policy","0 end-to-end vendor features proven","None","2 of 2 attributes plus their device workflows","0","Create a typed vendor pack from authoritative documentation; implement all 2 attributes and certify representative hardware/software."
"RedCreek","1958","IP addressing/routing; NAS/device management; Tenant/location; Vendor-specific/other","0 end-to-end vendor features proven","None","9 of 9 attributes plus their device workflows","0","Create a typed vendor pack from authoritative documentation; implement all 9 attributes and certify representative hardware/software."
"Riverbed","17163","Vendor-specific/other","0 end-to-end vendor features proven","None","1 of 1 attributes plus their device workflows","0","Create a typed vendor pack from authoritative documentation; implement all 1 attributes and certify representative hardware/software."
"Riverstone","5567","NAS/device management; Vendor-specific/other","0 end-to-end vendor features proven","None","4 of 4 attributes plus their device workflows","0","Create a typed vendor pack from authoritative documentation; implement all 4 attributes and certify representative hardware/software."
"Roaring-Penguin","10055","Accounting/session; Captive portal/hotspot/guest; Vendor-specific/other","0 end-to-end vendor features proven","None","5 of 5 attributes plus their device workflows","0","Create a typed vendor pack from authoritative documentation; implement all 5 attributes and certify representative hardware/software."
"Ruckus","25053","802.1X/enterprise Wi-Fi; Accounting/session; Authentication; Authorization/policy; Bandwidth/QoS; Captive portal/hotspot/guest; IP addressing/routing; Mobile/core/charging; NAS/device management; Security/VPN/posture; Tenant/location; Vendor-specific/other","NAS-0064 software-certified Ruckus FlexAuth, role/VLAN, WLAN, guest, DPSK redaction, QoS/quota, NAT pool, mobile-core/accounting, posture, tenant, and SCI evidence","84 VSA mapping(s): access.role; access.vlan; accounting.identity; device.group; governance.tenant; guest.portal_profile; posture.device_state; access.bandwidth_profile; session.max_total_octets; address.pool; address.ipv4","External SmartZone, ZoneDirector, Unleashed, and Ruckus One workflows remain release certification","100","Run nas-0064-release-certification-checklist.md for exact Ruckus controller, AP, firmware, and FreeRADIUS proof."
"RuggedCom","15004","Authorization/policy","0 end-to-end vendor features proven","None","1 of 1 attributes plus their device workflows","0","Create a typed vendor pack from authoritative documentation; implement all 1 attributes and certify representative hardware/software."
"SG","2454","Accounting/session; ACL/firewall policy; Authentication; Authorization/policy; Bandwidth/QoS; Captive portal/hotspot/guest; IP addressing/routing; ISP/broadband/subscriber; Mobile/core/charging; Tenant/location; Vendor-specific/other","0 end-to-end vendor features proven","None","86 of 86 attributes plus their device workflows","0","Create a typed vendor pack from authoritative documentation; implement all 86 attributes and certify representative hardware/software."
"Shasta","3199","Authorization/policy; Security/VPN/posture","0 end-to-end vendor features proven","None","3 of 3 attributes plus their device workflows","0","Create a typed vendor pack from authoritative documentation; implement all 3 attributes and certify representative hardware/software."
"Shiva","166","Accounting/session; Authentication; Authorization/policy; Bandwidth/QoS; Dynamic authorization; ISP/broadband/subscriber; NAS/device management; Vendor-specific/other; Voice/telephony","0 end-to-end vendor features proven","None","35 of 35 attributes plus their device workflows","0","Create a typed vendor pack from authoritative documentation; implement all 35 attributes and certify representative hardware/software."
"Siemens","4329","802.1X/enterprise Wi-Fi; Authorization/policy; Captive portal/hotspot/guest; Vendor-specific/other","0 end-to-end vendor features proven","None","10 of 10 attributes plus their device workflows","0","Create a typed vendor pack from authoritative documentation; implement all 10 attributes and certify representative hardware/software."
"Slipstream","7000","Authentication","0 end-to-end vendor features proven","None","1 of 1 attributes plus their device workflows","0","Create a typed vendor pack from authoritative documentation; implement all 1 attributes and certify representative hardware/software."
"SmartShareSystems","30585","Tenant/location; Vendor-specific/other","0 end-to-end vendor features proven","None","3 of 3 attributes plus their device workflows","0","Create a typed vendor pack from authoritative documentation; implement all 3 attributes and certify representative hardware/software."
"SofaWare","6983","Captive portal/hotspot/guest; NAS/device management; Security/VPN/posture; Vendor-specific/other","0 end-to-end vendor features proven","None","4 of 4 attributes plus their device workflows","0","Create a typed vendor pack from authoritative documentation; implement all 4 attributes and certify representative hardware/software."
"SoftBank","22197","IP addressing/routing; Vendor-specific/other","0 end-to-end vendor features proven","None","13 of 13 attributes plus their device workflows","0","Create a typed vendor pack from authoritative documentation; implement all 13 attributes and certify representative hardware/software."
"SonicWall","8741","Authorization/policy","0 end-to-end vendor features proven","3 VSA mapping(s): access.role","0 of 3 attributes plus their device workflows","50","Promote 3 mapped VSA(s) from packet mapping to certified end-to-end behavior, then implement the remaining 0 attributes by feature family."
"SpringTide","3551","Accounting/session; ACL/firewall policy; Authorization/policy; Bandwidth/QoS; IP addressing/routing; NAS/device management; Security/VPN/posture; Tenant/location; Vendor-specific/other","0 end-to-end vendor features proven","None","16 of 16 attributes plus their device workflows","0","Create a typed vendor pack from authoritative documentation; implement all 16 attributes and certify representative hardware/software."
"Starent","8164","802.1X/enterprise Wi-Fi; Accounting/session; ACL/firewall policy; Authentication; Authorization/policy; Bandwidth/QoS; Dynamic authorization; IP addressing/routing; ISP/broadband/subscriber; Mobile/core/charging; NAS/device management; Security/VPN/posture; Tenant/location; Vendor-specific/other; Voice/telephony","0 end-to-end vendor features proven","None","520 of 520 attributes plus their device workflows","0","Create a typed vendor pack from authoritative documentation; implement all 520 attributes and certify representative hardware/software."
"Surfnet","1076","Authorization/policy; Vendor-specific/other","0 end-to-end vendor features proven","None","3 of 3 attributes plus their device workflows","0","Create a typed vendor pack from authoritative documentation; implement all 3 attributes and certify representative hardware/software."
"Symbol","388","802.1X/enterprise Wi-Fi; Accounting/session; Authentication; Authorization/policy; Bandwidth/QoS; Security/VPN/posture; Vendor-specific/other","0 end-to-end vendor features proven","None","13 of 13 attributes plus their device workflows","0","Create a typed vendor pack from authoritative documentation; implement all 13 attributes and certify representative hardware/software."
"Telebit","117","Accounting/session; Authentication; NAS/device management","0 end-to-end vendor features proven","None","5 of 5 attributes plus their device workflows","0","Create a typed vendor pack from authoritative documentation; implement all 5 attributes and certify representative hardware/software."
"Telkom","1431","Authorization/policy; Vendor-specific/other","0 end-to-end vendor features proven","None","3 of 3 attributes plus their device workflows","0","Create a typed vendor pack from authoritative documentation; implement all 3 attributes and certify representative hardware/software."
"Telrad","5323","Bandwidth/QoS; Vendor-specific/other","0 end-to-end vendor features proven","None","8 of 8 attributes plus their device workflows","0","Create a typed vendor pack from authoritative documentation; implement all 8 attributes and certify representative hardware/software."
"TERENA","25178","Vendor-specific/other","0 end-to-end vendor features proven","None","2 of 2 attributes plus their device workflows","0","Create a typed vendor pack from authoritative documentation; implement all 2 attributes and certify representative hardware/software."
"TPLink","11863","Authentication; Bandwidth/QoS; Captive portal/hotspot/guest; NAS/device management; Tenant/location","NAS-0067 software-certified all 9 rows for Omada rate, site, group, redirect, portal status, command, and authentication-key redacted evidence","9 VSA mapping(s): qos.download_bandwidth; qos.upload_bandwidth; governance.tenant; device.group; guest.portal_profile; onboarding.certificate; access.role","0 software attributes remaining; external Omada AP/switch/gateway/controller workflows remain release certification","100","Record NAS-0067 evidence, then attach exact TP-Link Omada hardware/controller proof through NAS-0124 before publishing hardware-certified claims."
"Trapeze","14525","802.1X/enterprise Wi-Fi; Accounting/session; Authentication; Authorization/policy; Bandwidth/QoS; Captive portal/hotspot/guest; Dynamic authorization; Security/VPN/posture; Vendor-specific/other","0 end-to-end vendor features proven","None","13 of 13 attributes plus their device workflows","0","Create a typed vendor pack from authoritative documentation; implement all 13 attributes and certify representative hardware/software."
"Travelping","18681","802.1X/enterprise Wi-Fi; Accounting/session; ACL/firewall policy; Authentication; Authorization/policy; Captive portal/hotspot/guest; IP addressing/routing; ISP/broadband/subscriber; Tenant/location; Vendor-specific/other","0 end-to-end vendor features proven","None","59 of 59 attributes plus their device workflows","0","Create a typed vendor pack from authoritative documentation; implement all 59 attributes and certify representative hardware/software."
"TrippLite","850","Authentication; Authorization/policy; Tenant/location; Vendor-specific/other","0 end-to-end vendor features proven","None","4 of 4 attributes plus their device workflows","0","Create a typed vendor pack from authoritative documentation; implement all 4 attributes and certify representative hardware/software."
"Tropos","14529","Accounting/session; Authorization/policy; Bandwidth/QoS; IP addressing/routing; Tenant/location; Vendor-specific/other","0 end-to-end vendor features proven","None","28 of 28 attributes plus their device workflows","0","Create a typed vendor pack from authoritative documentation; implement all 28 attributes and certify representative hardware/software."
"T-Systems-Nova","16787","Accounting/session; Authorization/policy; Bandwidth/QoS; Captive portal/hotspot/guest; Tenant/location; Vendor-specific/other","0 end-to-end vendor features proven","None","15 of 15 attributes plus their device workflows","0","Create a typed vendor pack from authoritative documentation; implement all 15 attributes and certify representative hardware/software."
"UKERNA","25622","Authentication; Authorization/policy; IP addressing/routing; Tenant/location; Vendor-specific/other","0 end-to-end vendor features proven","None","15 of 15 attributes plus their device workflows","0","Create a typed vendor pack from authoritative documentation; implement all 15 attributes and certify representative hardware/software."
"Unix","4","Authorization/policy; NAS/device management; Vendor-specific/other","0 end-to-end vendor features proven","None","6 of 6 attributes plus their device workflows","0","Create a typed vendor pack from authoritative documentation; implement all 6 attributes and certify representative hardware/software."
"USR","429","Accounting/session; ACL/firewall policy; Authentication; Authorization/policy; Bandwidth/QoS; Captive portal/hotspot/guest; Dynamic authorization; IP addressing/routing; ISP/broadband/subscriber; Mobile/core/charging; NAS/device management; Security/VPN/posture; Tenant/location; Vendor-specific/other; Voice/telephony","0 end-to-end vendor features proven","None","414 of 414 attributes plus their device workflows","0","Create a typed vendor pack from authoritative documentation; implement all 414 attributes and certify representative hardware/software."
"UTStarcom","7064","Accounting/session; Bandwidth/QoS; IP addressing/routing; Mobile/core/charging; NAS/device management; Vendor-specific/other","0 end-to-end vendor features proven","None","27 of 27 attributes plus their device workflows","0","Create a typed vendor pack from authoritative documentation; implement all 27 attributes and certify representative hardware/software."
"ValemountNetworks","16313","ISP/broadband/subscriber; Vendor-specific/other","0 end-to-end vendor features proven","None","5 of 5 attributes plus their device workflows","0","Create a typed vendor pack from authoritative documentation; implement all 5 attributes and certify representative hardware/software."
"VasExperts","43823","Accounting/session; Authorization/policy; IP addressing/routing; ISP/broadband/subscriber; NAS/device management; Vendor-specific/other","0 end-to-end vendor features proven","None","47 of 47 attributes plus their device workflows","0","Create a typed vendor pack from authoritative documentation; implement all 47 attributes and certify representative hardware/software."
"VerizonWireless","12951","Accounting/session; Authorization/policy; Mobile/core/charging; Vendor-specific/other","0 end-to-end vendor features proven","None","10 of 10 attributes plus their device workflows","0","Create a typed vendor pack from authoritative documentation; implement all 10 attributes and certify representative hardware/software."
"Versanet","2180","IP addressing/routing","0 end-to-end vendor features proven","None","1 of 1 attributes plus their device workflows","0","Create a typed vendor pack from authoritative documentation; implement all 1 attributes and certify representative hardware/software."
"Walabi","2004","Accounting/session; Authentication","0 end-to-end vendor features proven","None","10 of 10 attributes plus their device workflows","0","Create a typed vendor pack from authoritative documentation; implement all 10 attributes and certify representative hardware/software."
"Waverider","2979","802.1X/enterprise Wi-Fi; Authentication; Authorization/policy; Bandwidth/QoS; Tenant/location; Vendor-specific/other","0 end-to-end vendor features proven","None","14 of 14 attributes plus their device workflows","0","Create a typed vendor pack from authoritative documentation; implement all 14 attributes and certify representative hardware/software."
"Wichorus","27030","Authorization/policy","0 end-to-end vendor features proven","None","2 of 2 attributes plus their device workflows","0","Create a typed vendor pack from authoritative documentation; implement all 2 attributes and certify representative hardware/software."
"WiFi-Alliance","40808","802.1X/enterprise Wi-Fi; Accounting/session; Authentication; Mobile/core/charging; Vendor-specific/other","0 end-to-end vendor features proven","None","6 of 6 attributes plus their device workflows","0","Create a typed vendor pack from authoritative documentation; implement all 6 attributes and certify representative hardware/software."
"WiMAX","24757","ISP/broadband/subscriber","0 end-to-end vendor features proven","None","292 of 292 attributes plus their device workflows","0","Create a typed vendor pack from authoritative documentation; implement all 292 attributes and certify representative hardware/software."
"WISPr","14122","Accounting/session; Authorization/policy; Bandwidth/QoS; Captive portal/hotspot/guest; Vendor-specific/other","0 end-to-end vendor features proven","2 VSA mapping(s): qos.download_bandwidth; qos.upload_bandwidth","15 of 17 attributes plus their device workflows","5.88","Promote 2 mapped VSA(s) from packet mapping to certified end-to-end behavior, then implement the remaining 15 attributes by feature family."
"Xedia","838","ACL/firewall policy; Authentication; Authorization/policy; IP addressing/routing; ISP/broadband/subscriber; NAS/device management; Vendor-specific/other","0 end-to-end vendor features proven","None","8 of 8 attributes plus their device workflows","0","Create a typed vendor pack from authoritative documentation; implement all 8 attributes and certify representative hardware/software."
"Xylan","800","Authentication; Authorization/policy; Captive portal/hotspot/guest; NAS/device management; Tenant/location; Vendor-specific/other","0 end-to-end vendor features proven","None","33 of 33 attributes plus their device workflows","0","Create a typed vendor pack from authoritative documentation; implement all 33 attributes and certify representative hardware/software."
"Yubico","41482","Accounting/session; Authentication","0 end-to-end vendor features proven","None","7 of 7 attributes plus their device workflows","0","Create a typed vendor pack from authoritative documentation; implement all 7 attributes and certify representative hardware/software."
"Zeus","7146","Authorization/policy","0 end-to-end vendor features proven","None","1 of 1 attributes plus their device workflows","0","Create a typed vendor pack from authoritative documentation; implement all 1 attributes and certify representative hardware/software."
"ZTE","3902","Accounting/session; Authorization/policy; Bandwidth/QoS; Captive portal/hotspot/guest; IP addressing/routing; ISP/broadband/subscriber; Security/VPN/posture; Tenant/location; Vendor-specific/other","NAS-0068 software-certified all 49 rows for PPPoE portal hints, QoS profiles, IPv4/IPv6 SCR rates, privilege role mapping, multicast limits, tunnel controls, DNS, domain/VPN context, and subscriber/accounting evidence","49 VSA mapping(s): access.role; access.policy_tag; access.bandwidth_profile; guest.portal_profile; qos.download_bandwidth; qos.upload_bandwidth; accounting.identity; accounting.counters; address.ipv4; governance.tenant; posture.device","0 software attributes remaining; external ZTE ZX/BNG/PPPoE workflows remain release certification","100","Record NAS-0068 evidence, then attach exact ZTE hardware/BNG/PPPoE proof through NAS-0125 before publishing hardware-certified claims."
"Zyxel","890","Authorization/policy; Voice/telephony","0 end-to-end vendor features proven","None","3 of 3 attributes plus their device workflows","0","Create a typed vendor pack from authoritative documentation; implement all 3 attributes and certify representative hardware/software."
